,Building,URL,Location,Lat,Long,Net Value Estimate,Valuation source,Income amount,Income souce,Liscense Deal?,elevation_url,elevation_in_meters
0,TRUMP VINEYARD ESTATES,http://www.trump.com/real-estate-portfolio/virginia/trump-vineyard-estates/,"https://www.google.com/maps/place/3550+Blenheim+Rd,+Charlottesville,+VA+22902/@37.9390684,-78.5008692,17z/data=!3m1!4b1!4m5!3m4!1s0x89b3853f9ab80161:0x886ae54a3de0c1e5!8m2!3d37.9390642!4d-78.4986805?hl=en",37.9390684,-78.5008692,"$30,000,000.00",http://www.forbes.com/sites/jenniferwang/2016/09/28/the-definitive-look-at-donald-trumps-wealth-new/2/#5536228f414f,"$100,001.00",page 24 https://www.washingtonpost.com/wp-stat/graphics/politics/trump-archive/docs/trump-fec-financial-disclosure-2015.pdf,,"https://maps.googleapis.com/maps/api/elevation/json?locations=37.9390684,-78.5008692&key=",179.4803619384766
1,TRUMP INTERNATIONAL HOTEL & TOWER® CHICAGO,"http://www.trump.com/real-estate-portfolio/chicago,il/trump-tower/","https://www.google.com/maps/place/Trump+International+Hotel+%26+Tower%C2%AE+Chicago/@41.888872,-87.6285827,17z/data=!3m1!4b1!4m5!3m4!1s0x880e2cae5d2fa103:0xa8aa997dfcc70818!8m2!3d41.888868!4d-87.626394?hl=en",41.888872,-87.6285827,"$119,000,000.00",http://www.forbes.com/sites/jenniferwang/2016/09/28/the-definitive-look-at-donald-trumps-wealth-new/2/#5536228f414f,,,,"https://maps.googleapis.com/maps/api/elevation/json?locations=41.888872,-87.6285827&key=",179.3519439697266
2,MAR-A-LAGO CLUB,http://www.trump.com/real-estate-portfolio/florida/trump-mar-a-lago/#,"https://www.google.com/maps/place/Mar-a-Lago+Club/@26.677067,-80.03698,14z/data=!4m5!3m4!1s0x0:0x71bb1222105e5650!8m2!3d26.6770665!4d-80.0369802?hl=en",26.677067,-80.03698,"$150,000,000.00",http://www.forbes.com/sites/jenniferwang/2016/09/28/the-definitive-look-at-donald-trumps-wealth-new/2/#5536228f414f,"$15,567,659.00",page 16 https://www.washingtonpost.com/wp-stat/graphics/politics/trump-archive/docs/trump-fec-financial-disclosure-2015.pdf,,"https://maps.googleapis.com/maps/api/elevation/json?locations=26.677067,-80.03698&key=",4.760847568511963
3,"TRUMP GRANDE, SUNNY ISLES",http://www.trump.com/real-estate-portfolio/florida/trump-grande/#,"https://www.google.com/maps/place/Trump+Grand/@25.9439901,-80.1222416,17z/data=!3m1!4b1!4m5!3m4!1s0x88d9ad61c4afe557:0x6c06e7588a5714b3!8m2!3d25.9439853!4d-80.1200529?hl=en",25.9439901,-80.1222416,$0.00,p 27,"$100,001.00",p 27 https://www.washingtonpost.com/wp-stat/graphics/politics/trump-archive/docs/trump-fec-financial-disclosure-2015.pdf,TRUE,"https://maps.googleapis.com/maps/api/elevation/json?locations=25.9439901,-80.1222416&key=",1.868961691856384
4,TRUMP HOLLYWOOD,http://www.trump.com/real-estate-portfolio/florida/trump-hollywood/#,"https://www.google.com/maps/place/Trump+Hollywood/@25.9962213,-80.1194182,17z/data=!3m1!4b1!4m5!3m4!1s0x88d9ab5d1c39477f:0x47c58b8012c95841!8m2!3d25.9962165!4d-80.1172295?hl=en",25.9962213,-80.1194182,,,,,TRUE,"https://maps.googleapis.com/maps/api/elevation/json?locations=25.9962213,-80.1194182&key=",1
5,"TRUMP TOWERS, SUNNY ISLES",http://www.trump.com/real-estate-portfolio/florida/trump-towers/,"https://www.google.com/maps/place/Trump+Towers+Sunny+Isles+Condos/@25.9236928,-80.1239587,17z/data=!3m1!4b1!4m5!3m4!1s0x88d9ad163f1955ef:0xf6784ce3ea16f09f!8m2!3d25.923688!4d-80.12177?hl=en",25.9236928,-80.1239587,"$1,001.00",page 22 https://www.washingtonpost.com/wp-stat/graphics/politics/trump-archive/docs/trump-fec-financial-disclosure-2015.pdf,$0.00,page 22 https://www.washingtonpost.com/wp-stat/graphics/politics/trump-archive/docs/trump-fec-financial-disclosure-2015.pdf,TRUE,"https://maps.googleapis.com/maps/api/elevation/json?locations=25.9236928,-80.1239587&key=",0.9887254238128662
6,Trump Plaza,http://www.trump.com/real-estate-portfolio/new-jerse/trump-plaza/#,"https://www.google.com/maps/place/Trump+Plaza,+Jersey+City,+NJ+07302/@40.719504,-74.0386887,17z/data=!3m1!4b1!4m5!3m4!1s0x89c250ac72c3bc21:0x82da8bedccdf39e7!8m2!3d40.7195!4d-74.0365?hl=en",40.719504,-74.0386887,"$13,000,000.00",http://www.forbes.com/sites/jenniferwang/2016/09/28/the-definitive-look-at-donald-trumps-wealth-new/#5f2b9f6a7e2d,"$1,000,001.00",page 23 https://www.washingtonpost.com/wp-stat/graphics/politics/trump-archive/docs/trump-fec-financial-disclosure-2015.pdf,,"https://maps.googleapis.com/maps/api/elevation/json?locations=40.719504,-74.0386887&key=",2.101910352706909
7,TRUMP INTERNATIONAL HOTEL™ LAS VEGAS,http://www.trump.com/real-estate-portfolio/las-vega/trump-tower/,"https://www.google.com/maps/place/Trump+International+Hotel+Las+Vegas/@36.1295494,-115.17501,17z/data=!3m1!4b1!4m5!3m4!1s0x80c8c41115a22c6d:0xc4d2d80553e82!8m2!3d36.1295451!4d-115.1728213?hl=en-US",36.1295494,-115.17501,"$69,000,000.00",http://www.forbes.com/sites/jenniferwang/2016/09/28/the-definitive-look-at-donald-trumps-wealth-new/#5f2b9f6a7e2d,"$45,587,175.00",page 23 https://www.washingtonpost.com/wp-stat/graphics/politics/trump-archive/docs/trump-fec-financial-disclosure-2015.pdf,,"https://maps.googleapis.com/maps/api/elevation/json?locations=36.1295494,-115.17501&key=",640.274658203125
8,THE ESTATES AT TRUMP NATIONAL,http://www.trump.com/real-estate-portfolio/los-angele/trump-estates/,"https://www.google.com/maps/place/Trump+National+Golf+Club+Los+Angeles/@33.7275034,-118.3593009,14.99z/data=!4m5!3m4!1s0x80dd490a35960dad:0x8c957e95c1636ef2!8m2!3d33.729614!4d-118.349549?hl=en",33.7275034,-118.3593009,"$126,000,000.00",http://www.bcre.com/the-estates-at-trump-national-golf-course-rancho-palos-verdes-ca.php,,,,"https://maps.googleapis.com/maps/api/elevation/json?locations=33.7275034,-118.3593009&key=",-15.2269115447998
9,610 PARK AVENUE,http://www.trump.com/real-estate-portfolio/new-york/trump-610-park-avenue/,"https://www.google.com/maps/place/610+Park+Ave,+New+York,+NY+10065/@40.7666209,-73.9696022,17z/data=!3m1!4b1!4m5!3m4!1s0x89c258ee64e954dd:0x94d37ffeca1d5dc0!8m2!3d40.7666169!4d-73.9674135?hl=en",40.7666209,-73.9696022,,,,,,"https://maps.googleapis.com/maps/api/elevation/json?locations=40.7666209,-73.9696022&key=",16.36209678649902
10,TRUMP INTERNATIONAL HOTEL & TOWER® NEW YORK,http://www.trump.com/real-estate-portfolio/new-york/trump-new-york-tower/,"https://www.google.com/maps/place/Trump+International+Hotel+%26+Tower+New+York/@40.7690327,-73.9837977,17z/data=!3m2!4b1!5s0x89c258f60d517b5f:0x7edf0a3a440b5a0a!4m5!3m4!1s0x89c258f66d739287:0x3e335c4bb2b6fff!8m2!3d40.7690287!4d-73.981609?hl=en",40.7690327,-73.9837977,"$38,000,000.00",http://www.forbes.com/sites/jenniferwang/2016/09/28/the-definitive-look-at-donald-trumps-wealth-new/#5f2b9f6a7e2d,,,,"https://maps.googleapis.com/maps/api/elevation/json?locations=40.7690327,-73.9837977&key=",24.96317481994629
11,TRUMP INTERNATIONAL HOTEL & TOWER® Washington DC,https://www.trumphotels.com/washington-dc,"https://www.google.com/maps/place/Trump+International+Hotel+Washington,+D.C./@38.8944853,-77.0295856,17z/data=!3m1!4b1!4m5!3m4!1s0x89b7b79a1dfd66e9:0xd45a6a779f430162!8m2!3d38.8944811!4d-77.0273969",38.8944853,-77.0295856,"$104,000,000.00",http://www.forbes.com/sites/jenniferwang/2016/09/28/the-definitive-look-at-donald-trumps-wealth-new/#5f2b9f6a7e2d,,,,"https://maps.googleapis.com/maps/api/elevation/json?locations=38.8944853,-77.0295856&key=",2.984095096588135
12,TRUMP PALACE,http://www.trump.com/real-estate-portfolio/new-york/trump-palace/,"https://www.google.com/maps/place/Trump+Palace+Condominiums,+200+E+69th+St,+New+York,+NY+10021/@40.7674359,-73.963934,17z/data=!3m1!4b1!4m5!3m4!1s0x89c258ea2f9299e9:0xd6cd152f26428aec!8m2!3d40.7674319!4d-73.9617453?hl=en",40.7674359,-73.963934,,,,,,"https://maps.googleapis.com/maps/api/elevation/json?locations=40.7674359,-73.963934&key=",24.0079174041748
13,TRUMP PARC,http://www.trump.com/real-estate-portfolio/new-york/trump-parc/#,"https://www.google.com/maps/place/106+Central+Park+S,+New+York,+NY+10019/@40.770666,-73.974712,14z/data=!4m5!3m4!1s0x89c258f0cbcd2451:0x14f1bcad19666010!8m2!3d40.7656545!4d-73.9768438?hl=en",40.770666,-73.974712,"$88,000,000.00",http://www.forbes.com/sites/jenniferwang/2016/09/28/the-definitive-look-at-donald-trumps-wealth-new/#5f2b9f6a7e2d,,,,"https://maps.googleapis.com/maps/api/elevation/json?locations=40.770666,-73.974712&key=",24.0637321472168
14,TRUMP PARC EAST,http://www.trump.com/real-estate-portfolio/new-york/trump-parc-east/,"https://www.google.com/maps/place/Trump+Parc+East/@40.7655188,-73.9787397,17z/data=!3m1!4b1!4m5!3m4!1s0x89c258f730b145a3:0x8897b1c224a4e412!8m2!3d40.7655148!4d-73.976551?hl=en-US",40.7655188,-73.9787397,Combined with above,http://www.forbes.com/sites/jenniferwang/2016/09/28/the-definitive-look-at-donald-trumps-wealth-new/#5f2b9f6a7e2d,,,,"https://maps.googleapis.com/maps/api/elevation/json?locations=40.7655188,-73.9787397&key=",22.7109546661377
15,TRUMP PARK AVENUE,http://www.trumpinternationalrealty.com/property-gallery/trump-park-avenue/,"https://www.google.com/maps/place/Trump+Park+Avenue+LLC/@40.7631803,-73.9720465,17z/data=!3m1!4b1!4m5!3m4!1s0x89c258e55f87e2af:0xbe64db78d1fa966c!8m2!3d40.7631763!4d-73.9698578?hl=en",40.7631803,-73.9720465,"$177,000,000.00",http://www.forbes.com/sites/jenniferwang/2016/09/28/the-definitive-look-at-donald-trumps-wealth-new/#5f2b9f6a7e2d,"$16,500,000.00",page 23 https://www.washingtonpost.com/wp-stat/graphics/politics/trump-archive/docs/trump-fec-financial-disclosure-2015.pdf,,"https://maps.googleapis.com/maps/api/elevation/json?locations=40.7631803,-73.9720465&key=",14.47308158874512
16,"TRUMP PARK RESIDENCES, YORKTOWN",http://www.trump.com/real-estate-portfolio/new-york/trump-park-residences/,"https://www.google.com/maps/place/3770+Barger+St,+Shrub+Oak,+NY+10588/@41.3360129,-73.8207928,17z/data=!3m1!4b1!4m5!3m4!1s0x89c2b5e98b095843:0x82936c44b2be2db7!8m2!3d41.3360089!4d-73.8186041?hl=en",41.3360129,-73.8207928,,,,,TRUE,"https://maps.googleapis.com/maps/api/elevation/json?locations=41.3360129,-73.8207928&key=",143.3096771240234
17,Trump Place,http://www.trump.com/real-estate-portfolio/new-york/trump-place/,"https://www.google.com/maps/place/240+Riverside+Blvd,+New+York,+NY+10023/@40.7803128,-73.9891837,17z/data=!3m1!4b1!4m5!3m4!1s0x89c2586162103bb3:0x592c61bba0107c50!8m2!3d40.7803088!4d-73.986995?hl=en",40.7803128,-73.9891837,,,,,,"https://maps.googleapis.com/maps/api/elevation/json?locations=40.7803128,-73.9891837&key=",0
18,"TRUMP PLAZA, NEW ROCHELLE",http://www.trump.com/real-estate-portfolio/new-york/trump-plaza/#,"https://www.google.com/maps/place/Trump+Plaza+New+Rochelle/@40.912709,-73.7838437,17z/data=!3m1!4b1!4m5!3m4!1s0x89c28d90158d0b07:0x79eb47841eef0845!8m2!3d40.912705!4d-73.781655?hl=en",40.912709,-73.7838437,"$15,001.00",page 21 https://www.washingtonpost.com/wp-stat/graphics/politics/trump-archive/docs/trump-fec-financial-disclosure-2015.pdf,"$100,001.00",page 21 https://www.washingtonpost.com/wp-stat/graphics/politics/trump-archive/docs/trump-fec-financial-disclosure-2015.pdf,TRUE,"https://maps.googleapis.com/maps/api/elevation/json?locations=40.912709,-73.7838437&key=",23.88512802124023
19,TRUMP SOHO ® NEW YORK,http://www.trump.com/real-estate-portfolio/new-york/trump-soho/,"https://www.google.com/maps/place/Trump+SoHo+New+York/@40.7254735,-74.007523,17z/data=!3m1!4b1!4m5!3m4!1s0x89c2598cc339336b:0x21b4f896d1016faf!8m2!3d40.7254695!4d-74.0053343?hl=en",40.7254735,-74.007523,"$450,000,000.00",https://en.wikipedia.org/wiki/Trump_SoHo,,,,"https://maps.googleapis.com/maps/api/elevation/json?locations=40.7254735,-74.007523&key=",4.655513763427734
20,"TRUMP TOWER AT CITY CENTER, WESTCHESTER",http://www.trump.com/real-estate-portfolio/new-york/trump-tower-city-center/,"https://www.google.com/maps/place/227+Main+St,+White+Plains,+NY+10601/@41.0326395,-73.7687707,17z/data=!3m1!4b1!4m5!3m4!1s0x89c29436dcaa1ef5:0x9be04e34e009bf4!8m2!3d41.0326355!4d-73.766582?hl=en",41.0326395,-73.7687707,"$1,001.00",page 22 https://www.washingtonpost.com/wp-stat/graphics/politics/trump-archive/docs/trump-fec-financial-disclosure-2015.pdf,$0.00,page 22 https://www.washingtonpost.com/wp-stat/graphics/politics/trump-archive/docs/trump-fec-financial-disclosure-2015.pdf,TRUE,"https://maps.googleapis.com/maps/api/elevation/json?locations=41.0326395,-73.7687707&key=",60.41262054443359
21,TRUMP TOWER NEW YORK,http://www.trump.com/real-estate-portfolio/new-york/trump-tower-new-york/#,"https://www.google.com/maps/place/Trump+Tower/@40.762428,-73.973794,16z/data=!4m5!3m4!1s0x0:0x8e9cfc7444d8f876!8m2!3d40.7624284!4d-73.973794?hl=en-US",40.762428,-73.973794,"$371,000,000.00",http://www.forbes.com/sites/jenniferwang/2016/09/28/the-definitive-look-at-donald-trumps-wealth-new/#5f2b9f6a7e2d,"$5,000,000.00",page 24 https://www.washingtonpost.com/wp-stat/graphics/politics/trump-archive/docs/trump-fec-financial-disclosure-2015.pdf,,"https://maps.googleapis.com/maps/api/elevation/json?locations=40.762428,-73.973794&key=",16.00069427490234
22,Trump World Tower,http://www.trump.com/real-estate-portfolio/new-york/trump-world-tower/#,"https://www.google.com/maps/place/The+Trump+World+Tower-Sales+Office/@40.752579,-73.967524,16z/data=!4m5!3m4!1s0x89c2591d8f4d9885:0x8bad2f6b74135d11!8m2!3d40.752579!4d-73.967524?hl=en-US",40.752579,-73.967524,"$27,000,000.00",,,,,"https://maps.googleapis.com/maps/api/elevation/json?locations=40.752579,-73.967524&key=",8.378321647644043
23,TRUMP PARC STAMFORD,http://www.trump.com/real-estate-portfolio/connecticut/trump-parc/#,"https://www.google.com/maps/place/Trump+Parc+Stamford/@41.055316,-73.542993,14z/data=!4m5!3m4!1s0x89c2a1e5ef0f2e57:0xa6288381b059967b!8m2!3d41.0553158!4d-73.5429933?hl=en",41.055316,-73.542993,$0.00,p 27 https://www.washingtonpost.com/wp-stat/graphics/politics/trump-archive/docs/trump-fec-financial-disclosure-2015.pdf,"$100,001.00",p 27 https://www.washingtonpost.com/wp-stat/graphics/politics/trump-archive/docs/trump-fec-financial-disclosure-2015.pdf,TRUE,"https://maps.googleapis.com/maps/api/elevation/json?locations=41.055316,-73.542993&key=",2.660336256027222
24,TRUMP INTERNATIONAL HOTEL & TOWER ® WAIKIKI BEACH WALK ®,http://www.trump.com/real-estate-portfolio/hawaii/trump-tower/,"https://www.google.com/maps/place/Trump+International+Hotel+Waikiki/@21.2795566,-157.8342382,17z/data=!3m1!4b1!4m5!3m4!1s0x7c007275444601f1:0x15a6c2b7e65283c6!8m2!3d21.2795516!4d-157.8320495?hl=en",21.2795566,-157.8342382,"$15,001.00",page 22 https://www.washingtonpost.com/wp-stat/graphics/politics/trump-archive/docs/trump-fec-financial-disclosure-2015.pdf,"$100,001.00",page 22 https://www.washingtonpost.com/wp-stat/graphics/politics/trump-archive/docs/trump-fec-financial-disclosure-2015.pdf,TRUE,"https://maps.googleapis.com/maps/api/elevation/json?locations=21.2795566,-157.8342382&key=",1.333067655563354
25,"TRUMP TOWERS, ISTANBUL, SISLI",http://www.trump.com/real-estate-portfolio/istanbul/trump-towers/#,"https://www.google.com/maps/place/Trump+Towers+Istanbul/@41.0677306,28.9901197,17z/data=!3m1!4b1!4m5!3m4!1s0x14cab6fc375473fd:0x90e63c4998ab6627!8m2!3d41.0677266!4d28.9923084?hl=en",41.0677306,28.9901197,"$100,001.00",page 20 https://www.washingtonpost.com/wp-stat/graphics/politics/trump-archive/docs/trump-fec-financial-disclosure-2015.pdf,"$1,000,001.00",page 20 https://www.washingtonpost.com/wp-stat/graphics/politics/trump-archive/docs/trump-fec-financial-disclosure-2015.pdf,TRUE,"https://maps.googleapis.com/maps/api/elevation/json?locations=41.0677306,28.9901197&key=",123.6088943481445
26,TRUMP OCEAN CLUB,http://www.trump.com/real-estate-portfolio/panama/trump-ocean-club/#,"https://www.google.com/maps/place/8%C2%B058'31.3%22N+79%C2%B030'24.1%22W/@8.980402,-79.504498,14z/data=!4m5!3m4!1s0x0:0x0!8m2!3d8.975363!4d-79.506694?hl=en-US",8.980402,-79.504498,"$15,001.00",page 21 https://www.washingtonpost.com/wp-stat/graphics/politics/trump-archive/docs/trump-fec-financial-disclosure-2015.pdf,"$5,000,000.00",page 21 https://www.washingtonpost.com/wp-stat/graphics/politics/trump-archive/docs/trump-fec-financial-disclosure-2015.pdf,TRUE,"https://maps.googleapis.com/maps/api/elevation/json?locations=8.980402,-79.504498&key=",0
27,TRUMP WORLD,http://www.trump.com/real-estate-portfolio/seoul/trump-world/,?,,,,,,,,"https://maps.googleapis.com/maps/api/elevation/json?locations=nan,nan&key=",[]
28,TRUMP INTERNATIONAL HOTEL & TOWER TORONTO ®,http://www.trump.com/real-estate-portfolio/toronto/trump-tower/#,"https://www.google.com/maps/place/Trump+International+Hotel+%26+Tower/@43.6498359,-79.382367,17z/data=!3m1!4b1!4m5!3m4!1s0x882b34cd4ddb84e9:0x179504fa0089f0f0!8m2!3d43.649832!4d-79.3801783?hl=en",43.6498359,-79.382367,,,,,TRUE,"https://maps.googleapis.com/maps/api/elevation/json?locations=43.6498359,-79.382367&key=",87.33230590820312
29,"TRUMP TOWER, CENTURY CITY",http://www.trump.com/real-estate-portfolio/philippines/trump-tower-manila/,"https://www.google.com/maps/place/Trump+Tower+at+Century+City/@14.5651432,121.0261223,17z/data=!3m1!4b1!4m5!3m4!1s0x3397c9a9629fcbff:0x4e39961b369e9f9f!8m2!3d14.565138!4d121.028311?hl=en",14.5651432,121.0261223,$0.00,p 27 https://www.washingtonpost.com/wp-stat/graphics/politics/trump-archive/docs/trump-fec-financial-disclosure-2015.pdf,"$100,001.00",p 27 https://www.washingtonpost.com/wp-stat/graphics/politics/trump-archive/docs/trump-fec-financial-disclosure-2015.pdf,TRUE,"https://maps.googleapis.com/maps/api/elevation/json?locations=14.5651432,121.0261223&key=",11.0548620223999
30,"TRUMP TOWER, MUMBAI",http://www.trump.com/real-estate-portfolio/india/trump-tower-mumbai/#,"https://www.google.com/maps/place/LODHAs+Trump+Tower/@19.0030717,72.8250928,17z/data=!3m1!4b1!4m5!3m4!1s0x3be7ceecc1b2f19d:0xdeb1b4666ce0d3fc!8m2!3d19.0030666!4d72.8272815?hl=en-US",19.0030717,72.8250928,$0.00,page 26 https://www.washingtonpost.com/wp-stat/graphics/politics/trump-archive/docs/trump-fec-financial-disclosure-2015.pdf,"$100,001.00",page 26 https://www.washingtonpost.com/wp-stat/graphics/politics/trump-archive/docs/trump-fec-financial-disclosure-2015.pdf,TRUE,"https://maps.googleapis.com/maps/api/elevation/json?locations=19.0030717,72.8250928&key=",8.686569213867188
31,"TRUMP TOWERS, PUNE",http://www.trump.com/real-estate-portfolio/india/trump-towers-pune/#,"https://www.google.com/maps/place/Trump+Towers/@18.5517734,73.9033125,17z/data=!3m1!4b1!4m5!3m4!1s0x3bc2c110e285036f:0xaf841b887e5c0238!8m2!3d18.5517683!4d73.9055012?hl=en",18.5517734,73.9033125,,,,,TRUE,"https://maps.googleapis.com/maps/api/elevation/json?locations=18.5517734,73.9033125&key=",558.95654296875
32,"TRUMP TOWER, PUNTA DEL ESTE",http://www.trump.com/real-estate-portfolio/uruguay/trump-tower-punta-del-este/#,"https://www.google.com/maps/place/Trump+Tower+Punta+del+Este/@-34.9461757,-54.9250288,17z/data=!3m1!4b1!4m5!3m4!1s0x95750518b3621273:0x28504cb0f3bb269f!8m2!3d-34.9461801!4d-54.9228401?hl=en",-34.9461757,-54.9250288,,,,,TRUE,"https://maps.googleapis.com/maps/api/elevation/json?locations=-34.9461757,-54.9250288&key=",13.86280727386475
33,TRUMP INTERNATIONAL HOTEL & TOWER™ VANCOUVER,http://www.trump.com/real-estate-portfolio/canada/trump-tower-vancouver/#,"https://www.google.com/maps/place/Trump+International+Hotel+%26+Tower+Vancouver/@49.2864894,-123.1262124,17z/data=!3m1!4b1!4m5!3m4!1s0x548671813d75f881:0x4355667f83a2e545!8m2!3d49.2864859!4d-123.1240237?hl=en",49.2864894,-123.1262124,,,,,TRUE,"https://maps.googleapis.com/maps/api/elevation/json?locations=49.2864894,-123.1262124&key=",38.02606964111328
34,40 WALL STREET,http://www.trump.com/real-estate-portfolio/new-york-ny/40-wall-street/#,"https://www.google.com/maps/place/40+Wall+Street+-+The+Trump+Building/@40.7069587,-74.0119286,17z/data=!3m1!4b1!4m5!3m4!1s0x89c25a1700286efb:0x5358bf9fda32dea1!8m2!3d40.7069547!4d-74.0097399?hl=en",40.7069587,-74.0119286,"$345,000,000.00",http://www.forbes.com/sites/jenniferwang/2016/09/28/the-definitive-look-at-donald-trumps-wealth-new/#5f2b9f6a7e2d,"$5,000,000.00",page 13 https://www.washingtonpost.com/wp-stat/graphics/politics/trump-archive/docs/trump-fec-financial-disclosure-2015.pdf,,"https://maps.googleapis.com/maps/api/elevation/json?locations=40.7069587,-74.0119286&key=",9.056976318359375
35,1290 AVENUE OF THE AMERICAS,http://www.trump.com/real-estate-portfolio/new-york-ny/1290-avenue-of-the-americas/#,"https://www.google.com/maps/place/1290+6th+Ave,+New+York,+NY+10104/@40.76049,-73.978872,16z/data=!4m5!3m4!1s0x89c258f93e61efbb:0x73a39c78e2178f66!8m2!3d40.7604895!4d-73.978872?hl=en-US",40.76049,-73.978872,"$409,000,000.00",http://www.forbes.com/sites/jenniferwang/2016/09/28/the-definitive-look-at-donald-trumps-wealth-new/#5f2b9f6a7e2d,"$5,000,000.00",page 25 https://www.washingtonpost.com/wp-stat/graphics/politics/trump-archive/docs/trump-fec-financial-disclosure-2015.pdf,,"https://maps.googleapis.com/maps/api/elevation/json?locations=40.76049,-73.978872&key=",19.83163833618164
36,555 CALIFORNIA STREET,http://www.trump.com/real-estate-portfolio/california/555-california-street/#,"https://www.google.com/maps/place/550+California+St,+San+Francisco,+CA+94104/@37.793073,-122.403657,16z/data=!4m5!3m4!1s0x8085808a50474355:0xdd2cb4acebb157eb!8m2!3d37.7931031!4d-122.4036582?hl=en-US",37.793073,-122.403657,"$317,000,000.00",http://www.forbes.com/sites/jenniferwang/2016/09/28/the-definitive-look-at-donald-trumps-wealth-new/#5f2b9f6a7e2d,"$5,000,000.00",page 25 https://www.washingtonpost.com/wp-stat/graphics/politics/trump-archive/docs/trump-fec-financial-disclosure-2015.pdf,,"https://maps.googleapis.com/maps/api/elevation/json?locations=37.793073,-122.403657&key=",8.79670524597168
37,"TRUMP TOWER, RIO",http://www.trump.com/real-estate-portfolio/rio-de-janeiro/trump-towers/,"https://www.google.com/maps/place/Trump+Towers/@-22.9504279,-43.1807647,15z/data=!4m2!3m1!1s0x0:0x76b9deaa113ae19d?sa=X&ved=0ahUKEwj39tGF5rXQAhUCKGMKHRevD7gQ_BIIggEwDg",-22.9504279,-43.1807647,,,,,TRUE,"https://maps.googleapis.com/maps/api/elevation/json?locations=-22.9504279,-43.1807647&key=",10.38613414764404
38,TRUMP INTERNATIONAL GOLF LINKS SCOTLAND,http://www.trump.com/golf/trump-intl-golf-links-scotland/,"https://www.google.com/maps/place/Trump+International+Golf+Links/@57.2782199,-2.0548747,17z/data=!3m1!4b1!4m5!3m4!1s0x48847337bf7ba14b:0xdecdd782a9619dfd!8m2!3d57.278217!4d-2.052686?hl=en",57.2782199,-2.0548747,"$50,000,000.00",page 19 https://www.washingtonpost.com/wp-stat/graphics/politics/trump-archive/docs/trump-fec-financial-disclosure-2015.pdf,"$4,349,651.00",page 19 https://www.washingtonpost.com/wp-stat/graphics/politics/trump-archive/docs/trump-fec-financial-disclosure-2015.pdf,,"https://maps.googleapis.com/maps/api/elevation/json?locations=57.2782199,-2.0548747&key=",59.98947525024414
39,TRUMP NATIONAL GOLF CLUB BEDMINSTER,http://www.trump.com/golf/trump-intl-golf-club-bedminster/#,"https://www.google.com/maps/place/Trump+National+Golf+Club+Bedminster/@40.6531294,-74.6976875,17z/data=!3m1!4b1!4m5!3m4!1s0x89c391509b631a2f:0xc2c46af4ffecb041!8m2!3d40.6531254!4d-74.6954988?hl=en",40.6531294,-74.6976875,"$50,000,000.00",page 16 https://www.washingtonpost.com/wp-stat/graphics/politics/trump-archive/docs/trump-fec-financial-disclosure-2015.pdf,"$16,101,092.00",page 16 https://www.washingtonpost.com/wp-stat/graphics/politics/trump-archive/docs/trump-fec-financial-disclosure-2015.pdf,,"https://maps.googleapis.com/maps/api/elevation/json?locations=40.6531294,-74.6976875&key=",64.14019012451172
40,TRUMP NATIONAL GOLF CLUB CHARLOTTE,http://www.trump.com/golf/trump-national-charlotte/,"https://www.google.com/maps/place/Trump+National+Golf+Club+Charlotte/@35.5319673,-80.9208767,17z/data=!3m1!4b1!4m5!3m4!1s0x8856ac8a430e6d5f:0xbe0f1fb179e6824!8m2!3d35.531963!4d-80.918688?hl=en",35.5319673,-80.9208767,"$5,000,001.00",page 17 https://www.washingtonpost.com/wp-stat/graphics/politics/trump-archive/docs/trump-fec-financial-disclosure-2015.pdf,"$10,133,801.00",page 17 https://www.washingtonpost.com/wp-stat/graphics/politics/trump-archive/docs/trump-fec-financial-disclosure-2015.pdf,,"https://maps.googleapis.com/maps/api/elevation/json?locations=35.5319673,-80.9208767&key=",240.92236328125
41,TRUMP NATIONAL GOLF CLUB COLTS NECK,http://www.trump.com/golf/trump-national-golf-club-colts-neck/,"https://www.google.com/maps/place/Trump+National+Golf+Club/@40.2777632,-74.1783089,15z/data=!4m2!3m1!1s0x0:0x1bee438940742898?sa=X&ved=0ahUKEwjm4eu55rXQAhVB0WMKHTWnCWgQ_BIIgwEwDg",40.2777632,-74.1783089,"$50,000,000.00",page 22 https://www.washingtonpost.com/wp-stat/graphics/politics/trump-archive/docs/trump-fec-financial-disclosure-2015.pdf,"$6,627,486.00",page 22 https://www.washingtonpost.com/wp-stat/graphics/politics/trump-archive/docs/trump-fec-financial-disclosure-2015.pdf,,"https://maps.googleapis.com/maps/api/elevation/json?locations=40.2777632,-74.1783089&key=",27.9694938659668
42,TRUMP INTERNATIONAL GOLF LINKS IRELAND,http://www.trump.com/golf/trump-intl-golf-links-ireland/,"https://www.google.com/maps/place/Trump+International+Golf+Links+%26+Hotel+Doonbeg/@52.7458932,-9.5047157,17z/data=!3m1!4b1!4m5!3m4!1s0x485b06a7a2549b67:0x79bc7df71e1ffc46!8m2!3d52.74589!4d-9.502527?hl=en-US",52.7458932,-9.5047157,"$50,000,000.00",page 17 https://www.washingtonpost.com/wp-stat/graphics/politics/trump-archive/docs/trump-fec-financial-disclosure-2015.pdf,"$10,755,683.00",page 17 https://www.washingtonpost.com/wp-stat/graphics/politics/trump-archive/docs/trump-fec-financial-disclosure-2015.pdf,,"https://maps.googleapis.com/maps/api/elevation/json?locations=52.7458932,-9.5047157&key=",2.77459454536438
43,TRUMP GOLF LINKS AT FERRY POINT,http://www.trump.com/golf/trump-golf-links-ferry-point/,"https://www.google.com/maps/place/Trump+Golf+Links+at+Ferry+Point/@40.812471,-73.834446,15z/data=!4m2!3m1!1s0x0:0x94baa3b13781e1fb?sa=X&ved=0ahUKEwjO9pbO5rXQAhVFxWMKHVyCDVoQ_BIIeDAK",40.812471,-73.834446,"$5,000,001.00",page 19 https://www.washingtonpost.com/wp-stat/graphics/politics/trump-archive/docs/trump-fec-financial-disclosure-2015.pdf,"$49,448,432.00",page 19 https://www.washingtonpost.com/wp-stat/graphics/politics/trump-archive/docs/trump-fec-financial-disclosure-2015.pdf,,"https://maps.googleapis.com/maps/api/elevation/json?locations=40.812471,-73.834446&key=",6.972324371337891
44,TRUMP NATIONAL GOLF CLUB HUDSON VALLEY,http://www.trump.com/golf/trump-national-golf-club-hudson-valley/#,"https://www.google.com/maps/place/Trump+National+Golf+Club+Hudson+Valley/@41.571933,-73.7631267,17z/data=!3m1!4b1!4m5!3m4!1s0x89dd466e0d09cc79:0xaf34ba4659d206f1!8m2!3d41.571929!4d-73.760938?hl=en",41.571933,-73.7631267,"$5,000,001.00",page 17 https://www.washingtonpost.com/wp-stat/graphics/politics/trump-archive/docs/trump-fec-financial-disclosure-2015.pdf,"$4,221,191.00",page 17 https://www.washingtonpost.com/wp-stat/graphics/politics/trump-archive/docs/trump-fec-financial-disclosure-2015.pdf,,"https://maps.googleapis.com/maps/api/elevation/json?locations=41.571933,-73.7631267&key=",93.57928466796875
45,TRUMP NATIONAL GOLF CLUB JUPITER,http://www.trump.com/golf/trump-national-golf-club-jupiter/#,"https://www.google.com/maps/search/TRUMP+NATIONAL+GOLF+CLUB+JUPITER/@26.8932834,-80.087396,14z/data=!3m1!4b1?hl=en",26.8932834,-80.087396,"$50,000,000.00",page 16 https://www.washingtonpost.com/wp-stat/graphics/politics/trump-archive/docs/trump-fec-financial-disclosure-2015.pdf,"$12,400,958.00",page 16 https://www.washingtonpost.com/wp-stat/graphics/politics/trump-archive/docs/trump-fec-financial-disclosure-2015.pdf,,"https://maps.googleapis.com/maps/api/elevation/json?locations=26.8932834,-80.087396&key=",2.113533973693848
46,TRUMP NATIONAL GOLF CLUB LOS ANGELES,http://www.trump.com/golf/trump-national-golf-club-los-angeles/#,"https://www.google.com/maps/place/Trump+National+Golf+Club+Los+Angeles/@33.7296184,-118.3517377,17z/data=!3m1!4b1!4m5!3m4!1s0x80dd490a35960dad:0x8c957e95c1636ef2!8m2!3d33.729614!4d-118.349549?hl=en",33.7296184,-118.3517377,"$50,000,000.00",page 24 https://www.washingtonpost.com/wp-stat/graphics/politics/trump-archive/docs/trump-fec-financial-disclosure-2015.pdf,"$21,173,446.00",page 24 https://www.washingtonpost.com/wp-stat/graphics/politics/trump-archive/docs/trump-fec-financial-disclosure-2015.pdf,https://www.washingtonpost.com/wp-stat/graphics/politics/trump-archive/docs/trump-fec-financial-disclosure-2015.pdf,"https://maps.googleapis.com/maps/api/elevation/json?locations=33.7296184,-118.3517377&key=",53.27278900146484
47,TRUMP NATIONAL DORAL,http://www.trump.com/golf/trump-national-doral/#,"https://www.google.com/maps/place/Trump+National+Doral+Miami/@25.8137248,-80.3418648,17z/data=!3m1!4b1!4m5!3m4!1s0x88d9bbdf63c22121:0xf9e58ab33bba5d95!8m2!3d25.81372!4d-80.3396761?hl=en",25.8137248,-80.3418648,"$169,000,000.00",http://www.forbes.com/sites/jenniferwang/2016/09/28/the-definitive-look-at-donald-trumps-wealth-new/2/#5536228f414f,"$49,448,432.00",page 19 https://www.washingtonpost.com/wp-stat/graphics/politics/trump-archive/docs/trump-fec-financial-disclosure-2015.pdf,,"https://maps.googleapis.com/maps/api/elevation/json?locations=25.8137248,-80.3418648&key=",1.694485187530518
48,TRUMP INTERNATIONAL GOLF CLUB WEST PALM BEACH,http://www.trump.com/golf/trump-intl-golf-club-west-palm-beach/#,"https://www.google.com/maps/place/Trump+International+Golf+Club/@26.6659696,-80.1007552,17z/data=!3m1!4b1!4m5!3m4!1s0x88d8d7df3310075f:0xb49cb049921fa85!8m2!3d26.6659648!4d-80.0985665?hl=en",26.6659696,-80.1007552,"$25,000,001.00",page 20 https://www.washingtonpost.com/wp-stat/graphics/politics/trump-archive/docs/trump-fec-financial-disclosure-2015.pdf,"$12,731,835.00",page 20 https://www.washingtonpost.com/wp-stat/graphics/politics/trump-archive/docs/trump-fec-financial-disclosure-2015.pdf,,"https://maps.googleapis.com/maps/api/elevation/json?locations=26.6659696,-80.1007552&key=",2.106685400009155
49,TRUMP NATIONAL GOLF CLUB PHILADELPHIA,http://www.trump.com/golf/trump-national-golf-club-philadelphia/#,"https://www.google.com/maps/place/Trump+National+Golf+Club/@39.7876321,-75.0065237,17z/data=!3m1!4b1!4m5!3m4!1s0x89c6d2fae06c2de1:0xb80304142b4a6ecb!8m2!3d39.787628!4d-75.004335?hl=en",39.7876321,-75.0065237,"$5,000,001.00",page 17 https://www.washingtonpost.com/wp-stat/graphics/politics/trump-archive/docs/trump-fec-financial-disclosure-2015.pdf,"$4,940,900.00",page 17 https://www.washingtonpost.com/wp-stat/graphics/politics/trump-archive/docs/trump-fec-financial-disclosure-2015.pdf,,"https://maps.googleapis.com/maps/api/elevation/json?locations=39.7876321,-75.0065237&key=",40.28803253173828
50,"TRUMP INTERNATIONAL GOLF CLUB DUBAI, UAE",http://www.trump.com/golf/trump-intl-golf-club-dubai/,"https://www.google.com/maps/place/Trump+International+Golf+Course,+Dubai/@25.0248682,55.2540173,15z/data=!4m5!3m4!1s0x0:0x42aaa9c40943f2d8!8m2!3d25.0248682!4d55.2540173",25.0248682,55.2540173,,,,,TRUE,"https://maps.googleapis.com/maps/api/elevation/json?locations=25.0248682,55.2540173&key=",23.70672225952148
51,TRUMP TURNBERRY,http://www.trump.com/golf/trump-intl-golf-club-turnberry-scotland/,"https://www.google.com/maps/place/Trump+Turnberry,+a+Luxury+Collection+Resort,+Scotland/@55.3141079,-4.8311102,17z/data=!3m1!4b1!4m5!3m4!1s0x486276a86a4d0ae9:0x9d53b2a73c4e4e5d!8m2!3d55.3141049!4d-4.8289215",55.3141079,-4.8311102,"$50,000,000.00",page 16 https://www.washingtonpost.com/wp-stat/graphics/politics/trump-archive/docs/trump-fec-financial-disclosure-2015.pdf,"$20,395,000.00",page 16 https://www.washingtonpost.com/wp-stat/graphics/politics/trump-archive/docs/trump-fec-financial-disclosure-2015.pdf,,"https://maps.googleapis.com/maps/api/elevation/json?locations=55.3141079,-4.8311102&key=",14.73494243621826
52,"TRUMP NATIONAL GOLF CLUB, WASHINGTON, DC",http://www.trump.com/golf/trump-national-golf-club-washington-dc/,"https://www.google.com/maps/place/Trump+National+Golf+Club/@39.0529801,-77.3494447,17z/data=!3m1!4b1!4m5!3m4!1s0x89b630cff7eacf01:0x946f22a03bb13b5e!8m2!3d39.052976!4d-77.347256",39.0529801,-77.3494447,"$50,000,000.00",page 22 https://www.washingtonpost.com/wp-stat/graphics/politics/trump-archive/docs/trump-fec-financial-disclosure-2015.pdf,"$14,026,420.00",page 22 https://www.washingtonpost.com/wp-stat/graphics/politics/trump-archive/docs/trump-fec-financial-disclosure-2015.pdf,,"https://maps.googleapis.com/maps/api/elevation/json?locations=39.0529801,-77.3494447&key=",84.00621795654297
53,TRUMP NATIONAL GOLF CLUB WESTCHESTER,http://www.trump.com/golf/trump-national-golf-club-westchester/,"https://www.google.com/maps/place/Trump+National+Golf+Club+Westchester/@41.1460407,-73.8354916,17z/data=!3m1!4b1!4m5!3m4!1s0x89c2bf660a478c2b:0xaa2781ece2fd3aaa!8m2!3d41.1460367!4d-73.8333029",41.1460407,-73.8354916,"$50,000,000.00",page 22 https://www.washingtonpost.com/wp-stat/graphics/politics/trump-archive/docs/trump-fec-financial-disclosure-2015.pdf,"$9,494,179.00",page 22 https://www.washingtonpost.com/wp-stat/graphics/politics/trump-archive/docs/trump-fec-financial-disclosure-2015.pdf,,"https://maps.googleapis.com/maps/api/elevation/json?locations=41.1460407,-73.8354916&key=",113.3288650512695
